{
  "loglike": -437.72802989130435,
  "num_events": 575,
  "nll_per_event": 0.7612661389413988
}