{
  "loglike": -5169.9396030435555,
  "num_events": 2801,
  "nll_per_event": 1.8457478054421834
}