{
  "loglike": -825.9537796188187,
  "num_events": 546,
  "nll_per_event": 1.5127358601077265
}