{
  "meta": {
    "protocol": "protB",
    "data_mode": "icews_real_topk500_K500",
    "model": "gc_tpp_struct_typed_base",
    "seed": 2,
    "timestamp": "20260104-135349"
  },
  "summary": {
    "test": {
      "all": {
        "count": 749,
        "time_nll": -17.06897252519554,
        "logdt_rmse": 1.6821175815363,
        "logdt_mae": 0.5452510962319947,
        "cov90": 0.0
      },
      "seen": {
        "count": 422,
        "time_nll": -17.02912587803122,
        "logdt_rmse": 1.8176369787080677,
        "logdt_mae": 0.5644704754954266,
        "cov90": 0.0
      },
      "ood": {
        "count": 327,
        "time_nll": -17.120395415419832,
        "logdt_rmse": 1.4891090684286163,
        "logdt_mae": 0.520448105255945,
        "cov90": 0.0
      }
    }
  },
  "by_coarse_type_ood": [
    {
      "coarse_id": 0,
      "coarse_type": "Other",
      "count": 54,
      "time_nll": -17.272603812041105,
      "logdt_rmse": 0.44454882342356344,
      "logdt_mae": 0.41009908224697467,
      "cov90": 0.0
    },
    {
      "coarse_id": 1,
      "coarse_type": "Protest",
      "count": 273,
      "time_nll": -17.090288260044197,
      "logdt_rmse": 1.617705498644592,
      "logdt_mae": 0.5422753845324446,
      "cov90": 0.0
    }
  ]
}